"n","marginal","copula_type","rho","d","mean_mse_our","mean_mse_oracle","sd_mse_our","sd_mse_oracle","gap","marg_copula"
100,"chisq","gaussian",0,1,16.5381036026498,14.4860825707498,4.12688246359284,3.72078698327312,2.05202103189994,"chisq_gaussian"
100,"chisq","gaussian",0.5,1,13.1923136015847,10.520611515449,3.54826990268644,2.96992503107393,2.67170208613569,"chisq_gaussian"
100,"chisq","gaussian",1,1,5.38029822266567,0,4.10202261040389,7.41493671754522,5.38029822266567,"chisq_gaussian"
100,"chisq","gumbel",0,1,15.2519406380793,13.640534558434,3.97477191119154,3.55932483726405,1.61140607964528,"chisq_gumbel"
100,"chisq","gumbel",0.5,1,12.8327328903595,9.69513283215964,4.41771791790848,2.09917126520353,3.13760005819983,"chisq_gumbel"
100,"chisq","gumbel",1,1,5.76118031409171,0,4.9159455326084,5.54578367571806,5.76118031409171,"chisq_gumbel"
100,"gaussian","gaussian",0,1,2.62795229011819,2.23924407779255,0.746438534319238,0.367571560344208,0.388708212325636,"gaussian_gaussian"
100,"gaussian","gaussian",0.5,1,2.25094490155175,1.75293223291626,0.439294253542524,0.296031414019787,0.498012668635494,"gaussian_gaussian"
100,"gaussian","gaussian",1,1,1.26433128494955,0,0.793595423040377,0,1.26433128494955,"gaussian_gaussian"
100,"gaussian","gumbel",0,1,2.62070907293474,2.28620157025309,0.545450091976278,0.375248507427783,0.334507502681644,"gaussian_gumbel"
100,"gaussian","gumbel",0.5,1,2.43514592088122,1.85424984364726,0.621456105423521,0.425643984468034,0.580896077233958,"gaussian_gumbel"
100,"gaussian","gumbel",1,1,0.782113876325335,0,0.643290216575264,0.234604376244358,0.782113876325335,"gaussian_gumbel"
100,"laplace","gaussian",0,1,5.85774201419722,4.98941679890221,1.60661191442346,1.13656076328376,0.868325215295019,"laplace_gaussian"
100,"laplace","gaussian",0.5,1,4.9369752478782,3.52234474824498,1.87032169473276,1.23535291979769,1.41463049963322,"laplace_gaussian"
100,"laplace","gaussian",1,1,2.45506093010737,0,2.62817470408586,1.14106225726124,2.45506093010737,"laplace_gaussian"
100,"laplace","gumbel",0,1,5.4147101843395,4.71018088810858,1.40125259875424,1.31996912348918,0.704529296230919,"laplace_gumbel"
100,"laplace","gumbel",0.5,1,4.63221137738499,3.52924369676236,1.1196472889881,0.916820497394279,1.10296768062263,"laplace_gumbel"
100,"laplace","gumbel",1,1,2.12189122787663,0,2.61422653104909,1.01522608552507,2.12189122787663,"laplace_gumbel"
100,"t","gaussian",0,1,6.77168817123292,5.74741879719998,2.14368453921088,2.0503683220976,1.02426937403294,"t_gaussian"
100,"t","gaussian",0.5,1,7.26609605444691,5.26143534102038,4.70263100846697,1.63538110766832,2.00466071342653,"t_gaussian"
100,"t","gaussian",1,1,4.08655295252838,0,4.66984353077202,0,4.08655295252838,"t_gaussian"
100,"t","gumbel",0,1,8.28335526546349,7.38802114948715,5.90385744336822,6.02805829956669,0.895334115976341,"t_gumbel"
100,"t","gumbel",0.5,1,6.75061478356177,4.50557082930231,3.14179931271951,1.94070865208167,2.24504395425946,"t_gumbel"
100,"t","gumbel",1,1,3.0541168297262,0,3.68497051530892,NA,3.0541168297262,"t_gumbel"
300,"chisq","gaussian",0,1,13.0646245343459,12.466006332131,2.10884753104156,2.10223182062835,0.598618202214857,"chisq_gaussian"
300,"chisq","gaussian",0.5,1,11.2401502207689,10.070156825074,1.9393143599966,1.80000633903723,1.16999339569488,"chisq_gaussian"
300,"chisq","gaussian",1,1,2.06858422753122,0,1.7798540584105,5.15277578688738,2.06858422753122,"chisq_gaussian"
300,"chisq","gumbel",0,1,13.4904139530551,12.9344772566947,2.20850654074449,2.08033587757803,0.555936696360368,"chisq_gumbel"
300,"chisq","gumbel",0.5,1,9.59259174203565,8.60450664059106,1.4425953449632,1.29944449859844,0.988085101444597,"chisq_gumbel"
300,"chisq","gumbel",1,1,2.28672821013861,0,1.78204502455377,NA,2.28672821013861,"chisq_gumbel"
300,"gaussian","gaussian",0,1,2.23474792312164,2.13459651131486,0.223622836207358,0.226831741497822,0.100151411806781,"gaussian_gaussian"
300,"gaussian","gaussian",0.5,1,1.72517996040076,1.57313910381066,0.19180315729009,0.160476727612994,0.1520408565901,"gaussian_gaussian"
300,"gaussian","gaussian",1,1,0.314328675131805,0,0.14150869414373,0,0.314328675131805,"gaussian_gaussian"
300,"gaussian","gumbel",0,1,2.20018823210166,2.10334088820656,0.250968006270909,0.239145162245356,0.0968473438951043,"gaussian_gumbel"
300,"gaussian","gumbel",0.5,1,1.73752464531874,1.56707535879475,0.171855896164043,0.171091542324707,0.170449286523996,"gaussian_gumbel"
300,"gaussian","gumbel",1,1,0.265126464422191,0,0.139007823727177,NA,0.265126464422191,"gaussian_gumbel"
300,"laplace","gaussian",0,1,4.37336172785568,4.18954483048986,0.705497750042211,0.674458622617919,0.183816897365823,"laplace_gaussian"
300,"laplace","gaussian",0.5,1,3.63546152908194,3.30770859810031,0.59587915294078,0.530467449565114,0.327752930981624,"laplace_gaussian"
300,"laplace","gaussian",1,1,0.607044406341829,0,0.371557673098611,0.626582016519267,0.607044406341829,"laplace_gaussian"
300,"laplace","gumbel",0,1,4.57746165403317,4.39435432995869,0.807080280675024,0.765993419338223,0.183107324074482,"laplace_gumbel"
300,"laplace","gumbel",0.5,1,3.55150625648816,3.1246830292774,0.559510955309628,0.458231223824869,0.426823227210767,"laplace_gumbel"
300,"laplace","gumbel",1,1,0.694570687471995,0,0.426298445926163,0.391612781410118,0.694570687471995,"laplace_gumbel"
300,"t","gaussian",0,1,7.0532204599372,6.79465995915986,3.24331022892648,3.19901835167129,0.258560500777344,"t_gaussian"
300,"t","gaussian",0.5,1,6.99815578706846,6.90998345301078,7.19743766810168,8.9057969725067,0.0881723340576839,"t_gaussian"
300,"t","gaussian",1,1,1.45659893587865,0,1.05550774608412,0,1.45659893587865,"t_gaussian"
300,"t","gumbel",0,1,6.25751185222455,5.99813855567098,2.43152367305466,2.42710139191299,0.259373296553573,"t_gumbel"
300,"t","gumbel",0.5,1,5.45988154601822,4.67105036216851,2.42469449859491,2.2863004727018,0.788831183849704,"t_gumbel"
300,"t","gumbel",1,1,0.975826323103163,0,0.920290336240019,NA,0.975826323103163,"t_gumbel"
500,"chisq","gaussian",0,1,13.0450253046385,12.7106362786311,1.4700895001289,1.53498422985671,0.334389026007344,"chisq_gaussian"
500,"chisq","gaussian",0.5,1,10.2363088587301,9.70190238519509,1.29675076743065,1.37658869846405,0.534406473535004,"chisq_gaussian"
500,"chisq","gaussian",1,1,1.35319674730462,0,1.38532618233852,3.08190815046337,1.35319674730462,"chisq_gaussian"
500,"chisq","gumbel",0,1,12.8367381700473,12.459028550834,1.42247556192353,1.4106633896554,0.377709619213267,"chisq_gumbel"
500,"chisq","gumbel",0.5,1,9.17923863852492,8.60354499322117,1.14403418989385,1.18219941287225,0.575693645303749,"chisq_gumbel"
500,"chisq","gumbel",1,1,1.06864495863578,0,0.647486549795473,NA,1.06864495863578,"chisq_gumbel"
500,"gaussian","gaussian",0,1,2.17605228607658,2.11737216505504,0.169722743553411,0.165857562045698,0.0586801210215389,"gaussian_gaussian"
500,"gaussian","gaussian",0.5,1,1.69013185729166,1.60804729425667,0.146651602111055,0.138970769692235,0.082084563034988,"gaussian_gaussian"
500,"gaussian","gaussian",1,1,0.185972170839342,0,0.123652907749915,0,0.185972170839342,"gaussian_gaussian"
500,"gaussian","gumbel",0,1,2.16355850166162,2.10658054964356,0.195302381136851,0.181718057431237,0.0569779520180624,"gaussian_gumbel"
500,"gaussian","gumbel",0.5,1,1.68552697345786,1.55821597149013,0.165772720452646,0.153003769149893,0.127311001967728,"gaussian_gumbel"
500,"gaussian","gumbel",1,1,0.176892408731655,0,0.0909367743357523,NA,0.176892408731655,"gaussian_gumbel"
500,"laplace","gaussian",0,1,4.18333304708867,4.07275224560521,0.53898114621717,0.538623624581731,0.11058080148346,"laplace_gaussian"
500,"laplace","gaussian",0.5,1,3.42647187889469,3.22057400658412,0.353111420761173,0.313765827418687,0.205897872310569,"laplace_gaussian"
500,"laplace","gaussian",1,1,0.563100270926612,0,0.370892136797939,0.514018303836721,0.563100270926612,"laplace_gaussian"
500,"laplace","gumbel",0,1,4.48899090276133,4.3411942457143,0.617175543939858,0.579028499519354,0.147796657047038,"laplace_gumbel"
500,"laplace","gumbel",0.5,1,3.38254037858126,3.07398670292592,0.519867414550891,0.438420839401387,0.308553675655343,"laplace_gumbel"
500,"laplace","gumbel",1,1,0.413624370734944,0,0.24020466958455,NA,0.413624370734944,"laplace_gumbel"
500,"t","gaussian",0,1,8.335591131661,8.1579573290788,15.115242811935,15.1630266284353,0.177633802582193,"t_gaussian"
500,"t","gaussian",0.5,1,4.81006733482388,4.62319635408234,1.07698081392014,1.15918752962704,0.18687098074154,"t_gaussian"
500,"t","gaussian",1,1,0.952407508118485,0,1.14916309906389,0,0.952407508118485,"t_gaussian"
500,"t","gumbel",0,1,7.39585560678448,7.21389697481347,3.75685249850381,3.67801976190223,0.181958631971011,"t_gumbel"
500,"t","gumbel",0.5,1,4.88041461757026,4.33986655376932,1.41277596792977,1.32025247889528,0.540548063800935,"t_gumbel"
500,"t","gumbel",1,1,0.652445511383649,0,0.624551702706739,NA,0.652445511383649,"t_gumbel"
2000,"chisq","gaussian",0,1,12.7268636922129,12.6413946719733,0.77812115168098,0.776169493210776,0.0854690202396675,"chisq_gaussian"
2000,"chisq","gaussian",0.5,1,10.0273434361638,9.82518358479776,0.594579565823174,0.601058288663259,0.20215985136603,"chisq_gaussian"
2000,"chisq","gaussian",1,1,0.311630950662636,0,0.171213377881951,1.91352537718479,0.311630950662636,"chisq_gaussian"
2000,"chisq","gumbel",0,1,12.8202231145849,12.751105729843,0.869222516728638,0.857433865693774,0.0691173847418902,"chisq_gumbel"
2000,"chisq","gumbel",0.5,1,8.66311246103576,8.35200975930307,0.446364384890335,0.415603456544138,0.311102701732688,"chisq_gumbel"
2000,"chisq","gumbel",1,1,0.288762325976068,0,0.210466840389332,NA,0.288762325976068,"chisq_gumbel"
2000,"gaussian","gaussian",0,1,2.12711724108717,2.10683336174198,0.0643911176249986,0.063815174932716,0.0202838793451869,"gaussian_gaussian"
2000,"gaussian","gaussian",0.5,1,1.63039598172539,1.60704559713556,0.0684756642245871,0.0666537646598213,0.0233503845898346,"gaussian_gaussian"
2000,"gaussian","gaussian",1,1,0.0426407470663885,0,0.0221938982075353,0,0.0426407470663885,"gaussian_gaussian"
2000,"gaussian","gumbel",0,1,2.14271707458574,2.12445762580026,0.0917552260887398,0.0921752384584184,0.0182594487854773,"gaussian_gumbel"
2000,"gaussian","gumbel",0.5,1,1.60239501007667,1.54317494781097,0.0821539434311862,0.0750278408194324,0.0592200622657073,"gaussian_gumbel"
2000,"gaussian","gumbel",1,1,0.0435666490049257,0,0.0258844697605462,NA,0.0435666490049257,"gaussian_gumbel"
2000,"laplace","gaussian",0,1,4.24301285468087,4.21012706445848,0.271827788780544,0.277017377861926,0.0328857902223918,"laplace_gaussian"
2000,"laplace","gaussian",0.5,1,3.30017525976179,3.21739937298977,0.181733246907079,0.170012354999587,0.0827758867720165,"laplace_gaussian"
2000,"laplace","gaussian",1,1,0.127863354413275,0,0.091730743756925,0.255465729257495,0.127863354413275,"laplace_gaussian"
2000,"laplace","gumbel",0,1,4.26900228366709,4.24299112899529,0.287898940904394,0.290331725656879,0.0260111546718091,"laplace_gumbel"
2000,"laplace","gumbel",0.5,1,3.2377181256104,3.07719428827638,0.236817396618752,0.220610068065498,0.160523837334027,"laplace_gumbel"
2000,"laplace","gumbel",1,1,0.130225815039128,0,0.0885785838323399,NA,0.130225815039128,"laplace_gumbel"
2000,"t","gaussian",0,1,6.38728286666083,6.344501626485,1.39529656745488,1.39303065709338,0.0427812401758318,"t_gaussian"
2000,"t","gaussian",0.5,1,5.06169199942742,4.98839232121376,1.00800146610425,0.991402515583165,0.0732996782136599,"t_gaussian"
2000,"t","gaussian",1,1,0.175478076257518,0,0.0916234971514625,0,0.175478076257518,"t_gaussian"
2000,"t","gumbel",0,1,6.48073771521739,6.42963600922381,2.22802325290806,2.233488212347,0.051101705993581,"t_gumbel"
2000,"t","gumbel",0.5,1,4.67146400630602,4.3932440826359,0.619533256094508,0.623949224067122,0.278219923670116,"t_gumbel"
2000,"t","gumbel",1,1,0.194877152641152,0,0.133491152806698,NA,0.194877152641152,"t_gumbel"
